patient_id,chrom,pos,ref,alt,weight,expected_depth,vaf
P001,chr1,100000,C,T,1.0,790,0.0
P001,chr2,100037,C,G,1.0,759,0.05
P001,chr1,100074,C,T,1.0,774,0.1
P001,chr2,100111,C,A,1.0,805,0.2
P001,chr1,100148,C,T,1.0,772,0.5
P001,chr2,100185,C,T,1.0,785,0.0
P001,chr1,100222,C,G,1.0,860,0.05
P001,chr2,100259,C,T,1.0,788,0.1
P001,chr1,100296,C,A,1.0,767,0.2
P001,chr2,100333,C,A,1.0,782,0.5
P001,chr1,100370,C,A,1.0,804,0.0
P001,chr2,100407,C,T,1.0,796,0.05
P001,chr1,100444,C,A,1.0,789,0.1
P001,chr2,100481,C,G,1.0,764,0.2
P001,chr1,100518,C,G,1.0,798,0.5
P001,chr2,100555,C,A,1.0,834,0.0
P001,chr1,100592,C,G,1.0,779,0.05
P001,chr2,100629,C,T,1.0,811,0.1
P001,chr1,100666,C,A,1.0,802,0.2
P001,chr2,100703,C,T,1.0,790,0.5
P001,chr1,100740,C,A,1.0,784,0.0
P001,chr2,100777,C,T,1.0,804,0.05
P001,chr1,100814,C,A,1.0,791,0.1
P001,chr2,100851,C,T,1.0,755,0.2
P001,chr1,100888,C,A,1.0,788,0.5
