patient_id,chrom,pos,alt_count,total_count,family_sizes,family_count,mean_family_size,lod50,lod95
P001,chr1,100000,0,677,"[5 4 2 2 3 6 6 4 3 5 3 2 5 2 4 6 2 6 3 3 5 6 6 2 3 2 2 3 4 2 4 2 3 5 2 4 5
 3 2 6 3 3 2 2 2 4 4 2 4 3 3 2 3 2 5 6 3 3 2 3 4 2 2 6 5 2 4 2 3 5 2 5 2 5
 2 2 3 4 6 4 2 6 2 6 2 2 4 4 6 6 3 5 4 5 2 4 3 2 2 2 5 2 3 2 2 4 3 2 3 6 2
 2 2 2 6 3 3 3 5 5 2 6 2 2 3 6 4 2 2 6 3 2 6 3 2 3 2 3 6 6 2 2 5 3 3 2 2 2
 3 4 3 2 6 3 2 2 4 2 3 4 4 4 6 4 6 4 2 3 4 3 3 2 3 6 6 4 3 5 6 6 2 3 5 3 3
 3 6 3 2 3 6 2 2 5]",194,3.4896907216494846,0.0,0.0
P001,chr1,100074,123,672,"[3 2 3 3 6 2 6 3 2 3 2 3 2 3 6 4 6 5 3 4 2 6 6 4 3 2 3 3 2 2 3 7 4 2 4 6 2
 3 6 3 2 2 4 6 2 5 3 3 4 3 2 2 4 2 6 6 5 3 6 6 3 3 2 2 2 2 4 2 3 2 3 4 2 3
 3 2 2 5 4 3 3 6 2 4 3 4 2 4 3 6 2 4 4 4 2 4 3 3 4 2 6 4 3 3 4 4 4 2 6 4 6
 2 3 6 3 3 6 3 6 6 5 2 2 5 5 5 6 2 4 3 3 5 4 2 2 2 2 2 3 4 6 2 4 4 3 4 5 3
 3 3 2 6 4 2 6 2 2 5 3 2 3 2 3 2 2 5 6 3 4 2 5 3 2 2 6 8 3 2 3 6 3 5 2 5 3
 2 5 2 2 3]",190,3.536842105263158,0.09151785714285714,0.1372767857142857
P001,chr1,100148,397,672,"[2 4 2 2 4 2 2 5 3 2 3 6 6 6 3 2 4 2 2 4 6 2 2 3 5 2 6 2 5 2 2 2 2 4 2 2 5
 2 6 4 6 2 3 6 6 5 4 3 3 4 4 6 6 6 2 4 3 6 5 3 6 4 2 6 6 2 4 4 3 5 2 3 2 3
 2 3 2 2 5 2 2 3 5 6 2 2 5 6 2 2 5 3 3 6 2 2 3 5 4 6 6 5 2 6 2 4 5 4 2 2 2
 3 3 2 4 5 3 2 2 6 6 4 2 6 3 2 2 5 6 4 4 4 4 5 2 6 4 3 4 6 2 3 5 3 2 3 3 2
 5 5 3 2 5 4 4 3 3 5 2 4 5 2 4 6 3 4 4 6 2 3 6 2 6 5 4 2 2 7 2 3 2 5 3 3]",184,3.652173913043478,0.29538690476190477,0.44308035714285715
P001,chr1,100222,57,752,"[4 3 3 2 2 4 6 2 4 2 6 2 2 2 4 3 3 8 3 2 6 4 6 4 6 3 3 4 3 6 3 5 6 3 2 2 2
 3 3 5 2 2 6 3 2 3 7 2 3 3 2 6 3 6 5 5 6 3 2 2 4 5 6 6 2 2 3 6 6 2 3 5 3 3
 2 2 3 5 2 2 4 6 5 4 4 3 6 6 2 6 3 3 4 2 6 4 6 2 5 6 3 4 3 3 5 6 2 6 4 5 4
 4 6 5 3 3 3 5 2 2 2 2 3 4 2 4 4 3 5 3 3 3 3 4 2 2 4 3 2 3 3 2 3 3 3 2 5 6
 3 2 2 3 2 5 6 4 2 6 2 3 5 3 6 3 6 4 6 4 2 2 3 6 2 2 2 2 5 2 2 4 4 5 3 3 2
 2 2 2 3 6 3 4 3 2 2 2 2 4 6 6 2 6 6 2 2 2 2 2 2 3 2]",211,3.5639810426540284,0.03789893617021277,0.05684840425531915
P001,chr1,100296,199,660,"[3 3 5 3 5 2 2 3 2 6 2 2 4 4 3 5 3 4 6 3 2 6 4 3 2 3 2 3 3 4 2 3 5 3 6 3 3
 2 2 6 3 5 3 5 5 2 4 2 3 2 2 3 2 4 3 6 3 2 4 3 3 2 2 6 5 5 3 6 2 6 6 2 4 2
 5 5 5 4 2 5 3 2 4 3 2 3 4 2 6 4 2 5 5 4 6 6 6 2 2 6 6 5 5 6 2 4 3 4 3 5 6
 6 2 2 6 3 6 6 2 4 2 6 2 4 3 3 2 6 2 6 4 2 3 3 4 3 2 2 8 6 2 3 2 4 3 6 3 3
 3 3 3 2 2 5 2 2 2 2 4 5 5 6 2 2 5 5 4 2 6 4 6 2 2 2 3 5 5 2 2 4 2 2 2]",183,3.6065573770491803,0.15075757575757576,0.22613636363636364
P001,chr1,100370,0,705,"[ 6  4  2  6  6  3  4  2  3  3  2  2  2  2  3  2  5  4  4  3  2  3  3  6
  3  4  6  2  4  4  4  2  3  6  6  3  6  4  6  6  3  5  4  6  5  2  2  3
  5  3  2  6  2  3  2  2  3  2  2  2  6  2  5  6  7  6  3  2  6  6  3  2
  2  4  6  5  2  4  4  4  6  2  3  4  4  5  2  2  6  2  2  4  4  2  4  2
  4  5  5  2  5  3  4  3  2  5  4  2  4  2  3  2  2  5  6  5  5  2  2  2
  4  2  5  2  4  2  5  5  4  2  2  6  3  3  4 10  3  4  2  5  3  2  4  3
  6  5  4  2  4  3  4  6  2  4  2  2  3  6  3  2  2  2  3  6  2  4  5  4
  4  5  6  3  5  3  4  2  5  3  2  2  3  6  2  6  2  2  2  3  5  2  4  3
  6  2]",194,3.634020618556701,0.0,0.0
P001,chr1,100444,70,697,"[3 2 4 6 5 6 3 4 3 2 4 4 6 2 3 6 5 2 6 4 2 6 3 2 3 2 4 2 4 3 2 4 6 4 2 2 2
 2 4 4 3 3 2 3 5 5 4 3 6 6 2 6 3 2 2 5 3 6 6 3 6 3 5 6 6 3 2 3 2 3 3 2 2 3
 2 2 2 2 3 3 3 5 2 6 2 3 2 4 2 3 6 3 4 6 6 2 3 2 2 2 2 4 3 6 2 2 3 3 2 2 2
 2 3 6 4 2 4 6 6 4 2 4 6 4 3 3 2 3 2 6 3 4 6 2 4 2 6 2 5 2 3 2 6 6 4 2 6 2
 2 4 7 3 3 2 3 4 3 2 2 2 2 3 6 2 5 3 3 3 2 4 5 6 2 6 2 2 4 6 2 2 4 2 6 2 5
 2 2 6 6 3 2 2 6 6 5 4 5]",197,3.5380710659898478,0.05021520803443329,0.07532281205164992
P001,chr1,100518,366,698,"[6 6 3 6 3 3 3 2 6 2 2 4 4 6 6 2 3 5 6 4 3 2 2 6 5 6 2 4 2 6 5 5 4 3 2 4 4
 4 4 4 6 5 4 3 6 2 2 2 2 3 6 2 6 3 4 6 3 6 2 4 2 3 5 4 2 2 5 3 2 3 5 4 2 3
 4 5 4 2 4 2 2 2 2 3 4 3 3 6 2 2 2 4 4 2 3 5 6 3 2 6 3 3 2 2 6 2 2 2 2 3 4
 2 6 4 2 5 6 4 6 4 3 2 3 4 4 2 6 4 2 5 4 6 3 5 5 2 2 2 6 6 2 6 2 3 2 2 3 3
 2 2 3 2 2 2 3 2 2 2 5 6 2 4 5 4 3 2 2 2 5 5 3 3 2 4 2 3 4 3 6 2 6 2 4 2 5
 4 3 2 2 4 5 2 2 3 2 4 6 4]",198,3.525252525252525,0.2621776504297994,0.3932664756446991
P001,chr1,100592,139,668,"[ 3  2  5  5  5  2  4  6  2  3  2  4  6  3  5  6  4  2  6  6  6  2  6  4
  3  4  5  4  3  5  6  4  3  5  3  2  6  2  6  3  2  2  2  2  6  3  3  2
  4  5  6  5  2  2  2  3  2  3  4  3  6  3  2  6  2  2  6  2  6  4  4  2
  2  4  3  4  4  6  6  3  6  3  4  2  3  5  2  2  5  2  4  6  2  2  5  2
  2  5  3  2  6  2  4  3 10  4  2  6  5  5  3  2  6  4  3  4  6  3  2  6
  2  2  2  3  4  2  4  3  2  5  3  2  6  2  4  3  2  2  2  3  4  4  2  2
  2  6  6  2  2  6  5  6  5  4  4  2  3  5  6  2  6  3  2  3  6  2  3  6
  3  3  3  3  4  4  2  6  3  2  4  6  2]",181,3.6906077348066297,0.10404191616766467,0.156062874251497
P001,chr1,100666,167,709,"[ 4  4  5  6  3  6  4  2  6  3  6  3  2  4  5  5  2  2  3  2  4  4  6  6
  3  2  6  2  3  2  4  4  6  2  5  5  2  4  2  4  2  6  6  5  6  3  2  6
  2  2  3  2  2  4  6  3  3  3  4  2  6  2  2  4  6  2  2  4  2  6  2  6
  2  5  2  6  3  2  3  2  6  2  6  2  6  6  3  5  3  5  3  2  2  3  2  3
  2  5  3  3  6  6  2  3  4 11  2  3  3  3  5  2  3  2  2  2  2  6  6  2
  2  3  6  4  2  4  2  2  2  5  6  6  3  2  6  2  4  5  6  3  2  3  4  2
  6  2  3  6  3  3  5  4  6  6  6  3  2  6  3  3  2  4  2  2  4  3  2  4
  3  2  2  4  2  6  6  4  2  4  2  3  2  2  6  5  4  4  3  2  2  3  3  6
  5  5]",194,3.654639175257732,0.11777150916784203,0.17665726375176305
P001,chr1,100740,0,689,"[2 6 4 3 6 3 4 3 3 6 6 5 3 2 4 2 4 3 2 2 3 3 2 2 2 6 6 3 2 5 3 3 3 6 4 4 4
 2 5 4 4 2 6 2 3 2 4 6 4 2 2 2 4 3 4 5 3 2 6 4 2 2 2 5 5 6 2 3 2 6 6 2 6 3
 6 4 2 2 4 2 2 3 6 4 5 6 3 2 2 3 4 5 3 6 2 2 2 2 2 2 6 4 5 3 4 2 3 2 4 2 2
 2 2 2 6 6 6 2 2 3 3 2 3 4 6 4 2 3 2 2 2 4 2 6 4 3 3 5 6 6 2 2 2 2 3 3 3 4
 3 6 3 3 3 2 3 2 2 6 3 3 4 6 5 3 5 5 5 7 2 2 6 5 6 2 4 2 6 2 5 4 2 2 6 4 2
 3 3 2 6 2 4 2 2 6 4]",195,3.533333333333333,0.0,0.0
P001,chr1,100814,46,704,"[3 4 2 6 2 3 4 5 5 3 3 2 6 3 2 5 2 4 2 3 3 3 2 2 2 2 3 4 2 5 6 2 2 3 4 2 3
 4 2 4 2 2 2 6 6 2 3 3 4 3 3 2 2 4 2 6 2 5 5 5 2 2 3 3 4 2 6 4 2 2 5 3 6 2
 3 5 3 3 2 3 6 2 5 2 6 4 2 3 6 2 4 2 4 2 3 2 2 3 3 5 2 2 6 6 3 2 3 3 2 4 2
 3 6 5 3 2 2 6 4 4 2 6 2 6 4 5 6 6 3 4 2 6 2 2 4 6 3 2 2 4 2 3 4 2 5 3 2 2
 2 2 2 5 2 4 3 4 4 2 6 2 2 2 5 3 6 4 6 5 2 5 5 2 4 6 3 5 6 2 2 5 4 4 6 4 2
 3 2 4 6 4 2 4 2 5 2 3 3 3 2 4 3 3 2 2 6]",205,3.4341463414634146,0.032670454545454544,0.049005681818181816
P001,chr1,100888,352,684,"[3 6 2 6 6 2 3 4 2 5 3 4 3 3 2 5 3 2 2 3 6 3 2 3 6 3 6 3 3 4 4 2 4 2 3 2 3
 5 5 3 6 2 3 2 2 3 5 6 2 2 4 3 3 4 6 3 2 4 2 2 6 2 2 5 4 2 2 2 5 5 2 2 3 2
 4 3 4 6 4 3 5 3 3 4 2 6 2 5 6 3 6 6 2 6 2 2 2 3 2 2 3 2 6 6 3 6 6 2 6 3 3
 3 4 2 2 3 3 6 3 4 6 6 2 3 6 2 5 2 6 3 4 3 5 3 3 2 4 5 2 2 3 2 3 2 5 2 2 2
 2 6 4 2 3 2 5 4 2 6 4 6 2 2 5 6 3 4 2 2 6 3 5 2 5 6 6 4 3 6 2 2 2 2 6 6 5
 3 2 2 4 6 2 2 2]",193,3.5440414507772022,0.2573099415204678,0.38596491228070173
P001,chr2,100037,191,671,"[2 5 2 4 6 6 6 6 2 2 4 3 3 6 2 5 3 2 2 4 3 2 6 2 6 4 2 3 6 2 2 5 2 4 6 2 6
 6 2 6 5 2 3 5 4 2 6 6 4 2 3 6 2 2 6 2 3 3 4 2 2 3 3 3 3 6 6 4 3 6 4 4 2 2
 6 6 5 4 2 6 3 5 5 5 3 6 4 6 3 2 4 2 4 4 5 4 6 2 6 6 2 2 4 5 2 6 6 2 6 2 4
 2 3 4 6 3 5 5 3 5 6 6 3 5 4 4 3 2 4 3 6 3 3 3 2 5 2 7 3 2 3 6 4 2 2 4 2 3
 2 5 3 6 2 2 2 2 3 2 6 3 3 6 2 2 2 3 4 6 4 2 4 2 4 6 5 2 4 4]",178,3.769662921348315,0.14232488822652756,0.21348733233979134
P001,chr2,100111,153,705,"[2 5 2 2 4 3 2 5 2 4 2 3 3 2 2 2 2 5 3 5 3 2 2 3 3 6 2 3 3 2 3 2 4 6 2 2 3
 2 2 3 2 5 4 3 5 2 4 2 2 3 3 2 2 6 4 5 6 2 3 5 2 6 5 3 2 6 2 4 6 2 2 2 6 3
 3 2 6 6 6 2 5 3 3 5 2 5 6 5 4 3 4 2 2 4 2 5 6 2 6 2 3 6 2 2 2 4 5 3 2 5 2
 2 2 2 4 3 2 2 2 2 6 2 2 2 4 5 3 6 2 4 2 2 3 3 3 5 3 4 2 5 3 6 2 2 5 4 3 2
 2 6 2 2 2 2 6 2 3 6 2 4 2 2 2 6 4 4 5 6 5 2 2 2 2 2 3 6 6 2 3 3 3 2 2 4 6
 6 4 2 3 6 2 5 2 3 6 2 2 5 4 2 2 2 4 4 3 6 3 6 4]",209,3.373205741626794,0.10851063829787234,0.16276595744680852
P001,chr2,100185,0,700,"[2 5 2 2 4 3 3 2 6 3 4 3 6 2 2 6 3 2 2 3 5 4 4 3 2 2 2 6 5 6 4 3 2 3 3 3 6
 5 5 6 2 6 6 4 4 4 4 2 6 2 4 6 3 2 3 5 2 4 4 3 6 2 3 3 5 3 2 6 2 4 6 3 4 3
 4 5 3 6 3 2 2 4 2 6 3 2 4 3 3 4 5 4 4 5 2 3 6 6 2 3 6 2 3 5 5 3 6 2 2 2 4
 3 3 3 2 6 3 3 5 6 6 3 5 2 6 2 2 2 3 4 6 3 5 6 3 3 3 6 2 2 2 4 5 6 3 5 2 2
 3 5 5 5 6 2 4 3 4 2 3 2 6 5 5 3 2 5 6 5 3 2 3 2 4 3 2 3 4 2 4 2 2 6 4 5 6
 2 5 2 6 2]",190,3.6842105263157894,0.0,0.0
P001,chr2,100259,50,692,"[3 3 2 3 3 3 6 3 6 2 2 4 3 6 3 2 2 2 3 4 6 3 2 2 6 2 3 5 3 5 2 5 3 2 2 3 6
 3 3 6 3 3 3 3 6 2 2 6 2 4 6 4 3 4 3 6 3 2 3 2 2 3 6 5 5 3 6 2 4 4 4 3 6 3
 2 3 3 3 6 2 6 2 2 5 3 3 4 4 4 6 3 5 4 3 3 3 3 3 3 6 2 2 3 6 2 2 3 2 4 2 5
 2 3 3 3 6 4 6 2 3 2 2 4 3 3 6 2 3 3 2 3 5 2 3 2 6 4 2 2 2 3 2 3 2 5 2 4 2
 2 8 3 2 6 2 3 3 6 6 2 2 4 5 2 6 2 6 2 2 4 5 3 6 3 4 3 3 3 2 3 3 6 2 2 2 3
 5 3 4 2 2 3 5 2 6 3 2 6 4 3 5]",200,3.46,0.036127167630057806,0.05419075144508671
P001,chr2,100333,344,690,"[2 3 2 2 3 5 2 3 3 4 4 3 2 2 6 6 2 4 6 2 3 5 5 6 2 4 5 6 6 2 3 3 6 2 6 2 2
 4 4 2 3 3 5 6 3 3 6 4 5 3 7 2 2 6 2 2 2 4 2 2 2 4 2 2 2 2 2 2 4 6 2 2 6 6
 5 3 4 2 3 3 6 4 5 2 3 3 5 6 4 3 6 4 2 4 2 3 5 7 5 3 2 2 4 5 2 4 2 4 5 6 4
 2 3 2 5 2 6 3 3 4 3 3 2 3 6 5 3 3 4 2 3 2 6 2 6 2 6 3 2 3 6 2 3 2 2 3 6 2
 6 2 2 3 2 6 2 4 3 2 3 5 3 4 6 4 2 3 6 6 3 5 4 2 3 3 4 2 3 2 2 2 6 4 3 3 3
 2 2 6 2 5 2 3 2 2 2 2 2 3]",198,3.484848484848485,0.2492753623188406,0.3739130434782609
P001,chr2,100407,158,686,"[4 6 2 4 2 3 4 2 2 6 2 6 4 6 2 2 3 4 2 4 4 3 2 6 2 2 2 2 5 2 5 6 3 5 3 8 3
 6 6 3 4 3 4 4 6 6 2 6 2 2 3 2 4 2 2 3 3 3 6 3 5 6 2 3 2 6 2 4 2 2 6 3 3 2
 6 6 2 4 3 3 4 6 2 2 6 2 6 2 3 6 3 3 4 3 6 2 2 2 2 4 2 2 2 2 2 2 2 2 4 4 3
 3 3 6 6 4 6 3 2 6 2 3 2 6 2 2 2 6 4 5 5 2 5 6 2 3 6 3 2 4 5 3 6 4 2 6 5 2
 3 6 2 4 5 4 2 3 2 2 2 4 2 2 6 2 2 6 3 5 6 6 2 4 3 4 6 6 2 6 6 2 2 4 4 5 2
 3 2 4 3 6]",190,3.610526315789474,0.1151603498542274,0.1727405247813411
P001,chr2,100481,126,643,"[2 2 2 6 2 3 3 3 6 4 5 6 2 6 3 2 3 2 3 6 3 2 6 3 2 2 3 5 2 2 4 3 6 4 6 2 2
 5 5 4 2 2 2 5 2 6 5 4 4 2 5 2 2 3 2 2 3 6 3 3 2 5 2 2 2 3 3 2 2 4 3 4 2 2
 2 2 3 2 4 4 5 6 6 2 2 3 6 2 2 6 6 2 2 2 2 2 6 3 6 6 2 2 2 5 4 4 2 2 5 2 2
 6 4 2 2 5 2 4 2 2 2 2 4 6 6 2 3 3 4 3 3 3 2 3 5 2 4 2 4 2 3 6 3 6 4 2 3 5
 2 3 3 6 5 3 2 2 2 6 4 6 4 3 5 6 3 6 3 4 2 3 4 4 3 6 2 3 2 4 6 2 2 6 3 6 3
 5 2]",187,3.4385026737967914,0.09797822706065319,0.1469673405909798
P001,chr2,100555,0,740,"[5 3 3 2 6 2 6 4 4 5 6 3 6 3 2 3 4 3 2 6 4 6 4 4 2 2 2 2 6 4 2 6 2 4 5 2 4
 3 3 6 5 6 6 2 3 2 2 5 2 6 3 6 2 3 4 3 6 2 2 2 3 4 2 4 3 3 3 2 2 2 6 5 6 2
 6 3 2 4 4 6 3 6 2 5 6 3 6 6 2 3 2 4 2 2 4 3 6 3 2 4 2 2 3 5 3 6 2 3 3 4 2
 5 6 2 4 5 2 2 4 3 4 2 2 2 3 2 2 5 5 3 2 2 3 6 3 4 3 2 6 2 4 5 3 2 5 2 2 3
 2 6 6 4 2 6 2 3 2 5 4 2 2 6 5 3 3 3 9 6 4 4 6 3 3 2 6 6 5 2 5 2 3 2 5 6 3
 2 2 6 3 4 3 6 4 3 3 6 2 5 6 2 4 5]",202,3.6633663366336635,0.0,0.0
P001,chr2,100629,175,710,"[5 2 4 2 4 6 6 4 4 2 6 3 2 2 4 2 6 3 4 6 2 4 3 2 3 2 4 4 3 4 6 2 4 6 3 3 2
 2 2 2 2 4 2 6 2 3 4 3 3 2 2 6 3 3 2 6 2 4 4 3 2 5 2 2 6 2 2 3 3 4 5 3 6 2
 6 3 6 3 2 4 6 2 2 2 4 3 4 3 6 2 4 6 4 3 3 2 2 2 5 3 3 4 3 4 3 3 2 2 2 6 5
 2 6 2 3 2 5 4 2 2 6 4 3 2 6 3 2 6 5 3 5 4 6 2 6 4 2 2 6 4 2 3 2 3 2 4 6 3
 6 2 2 4 3 2 2 4 6 6 4 2 2 6 3 2 3 2 6 5 2 3 6 4 6 5 4 2 3 4 2 6 3 3 2 2 3
 5 6 2 2 2 6 2 3 3 3 6 6 2 6 4 4]",201,3.5323383084577116,0.12323943661971831,0.18485915492957747
P001,chr2,100703,358,692,"[3 2 4 3 2 2 3 2 5 6 4 2 4 3 6 2 4 2 2 6 3 3 5 2 4 4 3 2 2 2 4 3 2 6 2 4 2
 3 4 4 6 3 2 3 3 4 2 3 3 2 3 6 3 3 5 3 3 6 2 6 2 3 3 3 5 6 2 3 2 4 5 6 3 3
 2 6 2 2 6 3 3 3 2 3 4 5 6 6 3 2 2 5 2 3 2 3 6 3 3 3 2 3 3 2 6 3 6 3 5 2 5
 4 2 4 2 6 2 2 6 2 6 5 6 2 4 6 5 2 2 4 6 2 2 2 2 6 2 2 2 6 6 4 2 4 3 3 4 6
 4 4 4 6 5 2 2 4 4 5 2 5 3 2 4 6 2 6 3 2 2 3 4 5 3 3 4 3 2 3 6 2 6 2 2 5 3
 2 2 3 2 3 5 2 6 3 2 3 3 3 2]",199,3.477386934673367,0.2586705202312139,0.38800578034682087
P001,chr2,100777,183,711,"[5 2 3 2 6 2 2 3 4 6 2 2 2 4 4 5 2 3 3 2 6 6 6 4 4 3 3 6 2 2 3 2 3 3 4 4 6
 2 3 3 5 6 6 6 2 3 3 4 2 2 2 3 2 3 6 2 5 4 5 2 3 6 3 4 4 2 2 2 4 6 4 2 3 6
 3 2 4 2 6 6 4 2 4 6 2 6 6 4 4 5 5 6 2 4 4 2 2 2 2 3 3 6 4 4 2 2 4 3 6 2 6
 2 5 2 6 3 3 6 6 5 3 3 4 3 3 3 2 2 5 6 4 4 3 2 3 3 3 2 2 2 2 6 6 3 4 3 2 2
 2 2 5 4 2 2 2 2 2 2 2 6 6 3 2 2 2 2 4 6 5 4 5 6 6 4 5 2 3 6 2 4 2 2 2 2 5
 2 3 4 5 3 2 2 6 2 2 4 2 2 6 3 3 2 2]",203,3.502463054187192,0.12869198312236288,0.19303797468354433
P001,chr2,100851,191,662,"[ 3  2  2  2  2  3  2  4  4  2  2  4  6  2  2  3  2  2  2  2  4  2  5  2
  2  4  3  3  6  4  3  4  2  3  2  6  4  4  2  3  2  2  5  4  2  3  4  4
  3  2  2  2  3  4  6  5  6  4  3  3  4  3  2  2  2  6  6  2  5  3  5  6
  2  3  3  4  6  3  2  3  2  2  3  4  2  3  4  6  6  4  2  3  4  5  3  6
  4  2  3  4  2  2 11  5  3  3  2  3  3  6  6  4  2  3  2  3  2  2  5  6
  5  2  3  6  2  6  6  6  6  3  3  6  6  2  5  2  2  3  3  3  4  6  3  3
  6  4  5  3  3  2  2  6  3  3  2  6  3  6  2  6  3  2  4  3  2  6  4  2
  4  4  4  2  3  3  2  5  6  4  5  3  6  4  2  2  5  3  2]",187,3.5401069518716577,0.14425981873111782,0.21638972809667673
