patient_id,chrom,pos,alt_count,total_count,family_sizes,family_count,mean_family_size,alpha,beta,p_value,z_score,q_value,mrd_call
P001,chr1,100000,0,677,"[5 4 2 2 3 6 6 4 3 5 3 2 5 2 4 6 2 6 3 3 5 6 6 2 3 2 2 3 4 2 4 2 3 5 2 4 5
 3 2 6 3 3 2 2 2 4 4 2 4 3 3 2 3 2 5 6 3 3 2 3 4 2 2 6 5 2 4 2 3 5 2 5 2 5
 2 2 3 4 6 4 2 6 2 6 2 2 4 4 6 6 3 5 4 5 2 4 3 2 2 2 5 2 3 2 2 4 3 2 3 6 2
 2 2 2 6 3 3 3 5 5 2 6 2 2 3 6 4 2 2 6 3 2 6 3 2 3 2 3 6 6 2 2 5 3 3 2 2 2
 3 4 3 2 6 3 2 2 4 2 3 4 4 4 6 4 6 4 2 3 4 3 3 2 3 6 6 4 3 5 6 6 2 3 5 3 3
 3 6 3 2 3 6 2 2 5]",194,3.4896907216494846,0.9106705348602486,3.1490431305936633,1.0,-0.0,0.5046711189065856,False
P001,chr1,100074,123,672,"[3 2 3 3 6 2 6 3 2 3 2 3 2 3 6 4 6 5 3 4 2 6 6 4 3 2 3 3 2 2 3 7 4 2 4 6 2
 3 6 3 2 2 4 6 2 5 3 3 4 3 2 2 4 2 6 6 5 3 6 6 3 3 2 2 2 2 4 2 3 2 3 4 2 3
 3 2 2 5 4 3 3 6 2 4 3 4 2 4 3 6 2 4 4 4 2 4 3 3 4 2 6 4 3 3 4 4 4 2 6 4 6
 2 3 6 3 3 6 3 6 6 5 2 2 5 5 5 6 2 4 3 3 5 4 2 2 2 2 2 3 4 6 2 4 4 3 4 5 3
 3 3 2 6 4 2 6 2 2 5 3 2 3 2 3 2 2 5 6 3 4 2 5 3 2 2 6 8 3 2 3 6 3 5 2 5 3
 2 5 2 2 3]",190,3.536842105263158,0.9106705348602486,3.1490431305936633,0.48997420986059725,-0.6903498439789714,0.5046711189065856,False
P001,chr1,100148,397,672,"[2 4 2 2 4 2 2 5 3 2 3 6 6 6 3 2 4 2 2 4 6 2 2 3 5 2 6 2 5 2 2 2 2 4 2 2 5
 2 6 4 6 2 3 6 6 5 4 3 3 4 4 6 6 6 2 4 3 6 5 3 6 4 2 6 6 2 4 4 3 5 2 3 2 3
 2 3 2 2 5 2 2 3 5 6 2 2 5 6 2 2 5 3 3 6 2 2 3 5 4 6 6 5 2 6 2 4 5 4 2 2 2
 3 3 2 4 5 3 2 2 6 6 4 2 6 3 2 2 5 6 4 4 4 4 5 2 6 4 3 4 6 2 3 5 3 2 3 3 2
 5 5 3 2 5 4 4 3 3 5 2 4 5 2 4 6 3 4 4 6 2 3 6 2 6 5 4 2 2 7 2 3 2 5 3 3]",184,3.652173913043478,0.9106705348602486,3.1490431305936633,0.052933052085501586,1.9354666927793018,1.0,False
P001,chr1,100222,57,752,"[4 3 3 2 2 4 6 2 4 2 6 2 2 2 4 3 3 8 3 2 6 4 6 4 6 3 3 4 3 6 3 5 6 3 2 2 2
 3 3 5 2 2 6 3 2 3 7 2 3 3 2 6 3 6 5 5 6 3 2 2 4 5 6 6 2 2 3 6 6 2 3 5 3 3
 2 2 3 5 2 2 4 6 5 4 4 3 6 6 2 6 3 3 4 2 6 4 6 2 5 6 3 4 3 3 5 6 2 6 4 5 4
 4 6 5 3 3 3 5 2 2 2 2 3 4 2 4 4 3 5 3 3 3 3 4 2 2 4 3 2 3 3 2 3 3 3 2 5 6
 3 2 2 3 2 5 6 4 2 6 2 3 5 3 6 3 6 4 6 4 2 2 3 6 2 2 2 2 5 2 2 4 4 5 3 3 2
 2 2 2 3 6 3 4 3 2 2 2 2 4 6 6 2 6 6 2 2 2 2 2 2 3 2]",211,3.5639810426540284,0.9106705348602486,3.1490431305936633,0.7441404149310042,-0.32637531069238634,0.5046711189065856,False
P001,chr1,100296,199,660,"[3 3 5 3 5 2 2 3 2 6 2 2 4 4 3 5 3 4 6 3 2 6 4 3 2 3 2 3 3 4 2 3 5 3 6 3 3
 2 2 6 3 5 3 5 5 2 4 2 3 2 2 3 2 4 3 6 3 2 4 3 3 2 2 6 5 5 3 6 2 6 6 2 4 2
 5 5 5 4 2 5 3 2 4 3 2 3 4 2 6 4 2 5 5 4 6 6 6 2 2 6 6 5 5 6 2 4 3 4 3 5 6
 6 2 2 6 3 6 6 2 4 2 6 2 4 3 3 2 6 2 6 4 2 3 3 4 3 2 2 8 6 2 3 2 4 3 6 3 3
 3 3 3 2 2 5 2 2 2 2 4 5 5 6 2 2 5 5 4 2 6 4 6 2 2 2 3 5 5 2 2 4 2 2 2]",183,3.6065573770491803,0.9106705348602486,3.1490431305936633,0.29298680658243237,1.051591941526471,0.5046711189065856,False
P001,chr1,100370,0,705,"[ 6  4  2  6  6  3  4  2  3  3  2  2  2  2  3  2  5  4  4  3  2  3  3  6
  3  4  6  2  4  4  4  2  3  6  6  3  6  4  6  6  3  5  4  6  5  2  2  3
  5  3  2  6  2  3  2  2  3  2  2  2  6  2  5  6  7  6  3  2  6  6  3  2
  2  4  6  5  2  4  4  4  6  2  3  4  4  5  2  2  6  2  2  4  4  2  4  2
  4  5  5  2  5  3  4  3  2  5  4  2  4  2  3  2  2  5  6  5  5  2  2  2
  4  2  5  2  4  2  5  5  4  2  2  6  3  3  4 10  3  4  2  5  3  2  4  3
  6  5  4  2  4  3  4  6  2  4  2  2  3  6  3  2  2  2  3  6  2  4  5  4
  4  5  6  3  5  3  4  2  5  3  2  2  3  6  2  6  2  2  2  3  5  2  4  3
  6  2]",194,3.634020618556701,0.9106705348602486,3.1490431305936633,1.0,-0.0,0.5046711189065856,False
P001,chr1,100444,70,697,"[3 2 4 6 5 6 3 4 3 2 4 4 6 2 3 6 5 2 6 4 2 6 3 2 3 2 4 2 4 3 2 4 6 4 2 2 2
 2 4 4 3 3 2 3 5 5 4 3 6 6 2 6 3 2 2 5 3 6 6 3 6 3 5 6 6 3 2 3 2 3 3 2 2 3
 2 2 2 2 3 3 3 5 2 6 2 3 2 4 2 3 6 3 4 6 6 2 3 2 2 2 2 4 3 6 2 2 3 3 2 2 2
 2 3 6 4 2 4 6 6 4 2 4 6 4 3 3 2 3 2 6 3 4 6 2 4 2 6 2 5 2 3 2 6 6 4 2 6 2
 2 4 7 3 3 2 3 4 3 2 2 2 2 3 6 2 5 3 3 3 2 4 5 6 2 6 2 2 4 6 2 2 4 2 6 2 5
 2 2 6 6 3 2 2 6 6 5 4 5]",197,3.5380710659898478,0.9106705348602486,3.1490431305936633,0.6778203353860033,-0.41543930909497817,0.5046711189065856,False
P001,chr1,100518,366,698,"[6 6 3 6 3 3 3 2 6 2 2 4 4 6 6 2 3 5 6 4 3 2 2 6 5 6 2 4 2 6 5 5 4 3 2 4 4
 4 4 4 6 5 4 3 6 2 2 2 2 3 6 2 6 3 4 6 3 6 2 4 2 3 5 4 2 2 5 3 2 3 5 4 2 3
 4 5 4 2 4 2 2 2 2 3 4 3 3 6 2 2 2 4 4 2 3 5 6 3 2 6 3 3 2 2 6 2 2 2 2 3 4
 2 6 4 2 5 6 4 6 4 3 2 3 4 4 2 6 4 2 5 4 6 3 5 5 2 2 2 6 6 2 6 2 3 2 2 3 3
 2 2 3 2 2 2 3 2 2 2 5 6 2 4 5 4 3 2 2 2 5 5 3 3 2 4 2 3 4 3 6 2 6 2 4 2 5
 4 3 2 2 4 5 2 2 3 2 4 6 4]",198,3.525252525252525,0.9106705348602486,3.1490431305936633,0.08528983599079187,1.7207850514401228,1.0,False
P001,chr1,100592,139,668,"[ 3  2  5  5  5  2  4  6  2  3  2  4  6  3  5  6  4  2  6  6  6  2  6  4
  3  4  5  4  3  5  6  4  3  5  3  2  6  2  6  3  2  2  2  2  6  3  3  2
  4  5  6  5  2  2  2  3  2  3  4  3  6  3  2  6  2  2  6  2  6  4  4  2
  2  4  3  4  4  6  6  3  6  3  4  2  3  5  2  2  5  2  4  6  2  2  5  2
  2  5  3  2  6  2  4  3 10  4  2  6  5  5  3  2  6  4  3  4  6  3  2  6
  2  2  2  3  4  2  4  3  2  5  3  2  6  2  4  3  2  2  2  3  4  4  2  2
  2  6  6  2  2  6  5  6  5  4  4  2  3  5  6  2  6  3  2  3  6  2  3  6
  3  3  3  3  4  4  2  6  3  2  4  6  2]",181,3.6906077348066297,0.9106705348602486,3.1490431305936633,0.44194147299195163,-0.7689188726194586,0.5046711189065856,False
P001,chr1,100666,167,709,"[ 4  4  5  6  3  6  4  2  6  3  6  3  2  4  5  5  2  2  3  2  4  4  6  6
  3  2  6  2  3  2  4  4  6  2  5  5  2  4  2  4  2  6  6  5  6  3  2  6
  2  2  3  2  2  4  6  3  3  3  4  2  6  2  2  4  6  2  2  4  2  6  2  6
  2  5  2  6  3  2  3  2  6  2  6  2  6  6  3  5  3  5  3  2  2  3  2  3
  2  5  3  3  6  6  2  3  4 11  2  3  3  3  5  2  3  2  2  2  2  6  6  2
  2  3  6  4  2  4  2  2  2  5  6  6  3  2  6  2  4  5  6  3  2  3  4  2
  6  2  3  6  3  3  5  4  6  6  6  3  2  6  3  3  2  4  2  2  4  3  2  4
  3  2  2  4  2  6  6  4  2  4  2  3  2  2  6  5  4  4  3  2  2  3  3  6
  5  5]",194,3.654639175257732,0.9106705348602486,3.1490431305936633,0.39335943369135773,0.8535408691208971,0.5046711189065856,False
P001,chr1,100740,0,689,"[2 6 4 3 6 3 4 3 3 6 6 5 3 2 4 2 4 3 2 2 3 3 2 2 2 6 6 3 2 5 3 3 3 6 4 4 4
 2 5 4 4 2 6 2 3 2 4 6 4 2 2 2 4 3 4 5 3 2 6 4 2 2 2 5 5 6 2 3 2 6 6 2 6 3
 6 4 2 2 4 2 2 3 6 4 5 6 3 2 2 3 4 5 3 6 2 2 2 2 2 2 6 4 5 3 4 2 3 2 4 2 2
 2 2 2 6 6 6 2 2 3 3 2 3 4 6 4 2 3 2 2 2 4 2 6 4 3 3 5 6 6 2 2 2 2 3 3 3 4
 3 6 3 3 3 2 3 2 2 6 3 3 4 6 5 3 5 5 5 7 2 2 6 5 6 2 4 2 6 2 5 4 2 2 6 4 2
 3 3 2 6 2 4 2 2 6 4]",195,3.533333333333333,0.9106705348602486,3.1490431305936633,1.0,-0.0,0.5046711189065856,False
P001,chr1,100814,46,704,"[3 4 2 6 2 3 4 5 5 3 3 2 6 3 2 5 2 4 2 3 3 3 2 2 2 2 3 4 2 5 6 2 2 3 4 2 3
 4 2 4 2 2 2 6 6 2 3 3 4 3 3 2 2 4 2 6 2 5 5 5 2 2 3 3 4 2 6 4 2 2 5 3 6 2
 3 5 3 3 2 3 6 2 5 2 6 4 2 3 6 2 4 2 4 2 3 2 2 3 3 5 2 2 6 6 3 2 3 3 2 4 2
 3 6 5 3 2 2 6 4 4 2 6 2 6 4 5 6 6 3 4 2 6 2 2 4 6 3 2 2 4 2 3 4 2 5 3 2 2
 2 2 2 5 2 4 3 4 4 2 6 2 2 2 5 3 6 4 6 5 2 5 5 2 4 6 3 5 6 2 2 5 4 4 6 4 2
 3 2 4 6 4 2 4 2 5 2 3 3 3 2 4 3 3 2 2 6]",205,3.4341463414634146,0.9106705348602486,3.1490431305936633,0.7741211727035441,-0.2869884386150439,0.5046711189065856,False
P001,chr1,100888,352,684,"[3 6 2 6 6 2 3 4 2 5 3 4 3 3 2 5 3 2 2 3 6 3 2 3 6 3 6 3 3 4 4 2 4 2 3 2 3
 5 5 3 6 2 3 2 2 3 5 6 2 2 4 3 3 4 6 3 2 4 2 2 6 2 2 5 4 2 2 2 5 5 2 2 3 2
 4 3 4 6 4 3 5 3 3 4 2 6 2 5 6 3 6 6 2 6 2 2 2 3 2 2 3 2 6 6 3 6 6 2 6 3 3
 3 4 2 2 3 3 6 3 4 6 6 2 3 6 2 5 2 6 3 4 3 5 3 3 2 4 5 2 2 3 2 3 2 5 2 2 2
 2 6 4 2 3 2 5 4 2 6 4 6 2 2 5 6 3 4 2 2 6 3 5 2 5 6 6 4 3 6 2 2 2 2 6 6 5
 3 2 2 4 6 2 2 2]",193,3.5440414507772022,0.9106705348602486,3.1490431305936633,0.090992019350837,1.6901878643169006,0.5687001209427313,False
P001,chr2,100037,191,671,"[2 5 2 4 6 6 6 6 2 2 4 3 3 6 2 5 3 2 2 4 3 2 6 2 6 4 2 3 6 2 2 5 2 4 6 2 6
 6 2 6 5 2 3 5 4 2 6 6 4 2 3 6 2 2 6 2 3 3 4 2 2 3 3 3 3 6 6 4 3 6 4 4 2 2
 6 6 5 4 2 6 3 5 5 5 3 6 4 6 3 2 4 2 4 4 5 4 6 2 6 6 2 2 4 5 2 6 6 2 6 2 4
 2 3 4 6 3 5 5 3 5 6 6 3 5 4 4 3 2 4 3 6 3 3 3 2 5 2 7 3 2 3 6 4 2 2 4 2 3
 2 5 3 6 2 2 2 2 3 2 6 3 3 6 2 2 2 3 4 6 4 2 4 2 4 6 5 2 4 4]",178,3.769662921348315,0.9106705348602486,3.1490431305936633,0.31662085485485825,1.0014260921740286,0.5046711189065856,False
P001,chr2,100111,153,705,"[2 5 2 2 4 3 2 5 2 4 2 3 3 2 2 2 2 5 3 5 3 2 2 3 3 6 2 3 3 2 3 2 4 6 2 2 3
 2 2 3 2 5 4 3 5 2 4 2 2 3 3 2 2 6 4 5 6 2 3 5 2 6 5 3 2 6 2 4 6 2 2 2 6 3
 3 2 6 6 6 2 5 3 3 5 2 5 6 5 4 3 4 2 2 4 2 5 6 2 6 2 3 6 2 2 2 4 5 3 2 5 2
 2 2 2 4 3 2 2 2 2 6 2 2 2 4 5 3 6 2 4 2 2 3 3 3 5 3 4 2 5 3 6 2 2 5 4 3 2
 2 6 2 2 2 2 6 2 3 6 2 4 2 2 2 6 4 4 5 6 5 2 2 2 2 2 3 6 6 2 3 3 3 2 2 4 6
 6 4 2 3 6 2 5 2 3 6 2 2 5 4 2 2 2 4 4 3 6 3 6 4]",209,3.373205741626794,0.9106705348602486,3.1490431305936633,0.4256227153541531,-0.79670442167759,0.5046711189065856,False
P001,chr2,100185,0,700,"[2 5 2 2 4 3 3 2 6 3 4 3 6 2 2 6 3 2 2 3 5 4 4 3 2 2 2 6 5 6 4 3 2 3 3 3 6
 5 5 6 2 6 6 4 4 4 4 2 6 2 4 6 3 2 3 5 2 4 4 3 6 2 3 3 5 3 2 6 2 4 6 3 4 3
 4 5 3 6 3 2 2 4 2 6 3 2 4 3 3 4 5 4 4 5 2 3 6 6 2 3 6 2 3 5 5 3 6 2 2 2 4
 3 3 3 2 6 3 3 5 6 6 3 5 2 6 2 2 2 3 4 6 3 5 6 3 3 3 6 2 2 2 4 5 6 3 5 2 2
 3 5 5 5 6 2 4 3 4 2 3 2 6 5 5 3 2 5 6 5 3 2 3 2 4 3 2 3 4 2 4 2 2 6 4 5 6
 2 5 2 6 2]",190,3.6842105263157894,0.9106705348602486,3.1490431305936633,1.0,-0.0,0.5046711189065856,False
P001,chr2,100259,50,692,"[3 3 2 3 3 3 6 3 6 2 2 4 3 6 3 2 2 2 3 4 6 3 2 2 6 2 3 5 3 5 2 5 3 2 2 3 6
 3 3 6 3 3 3 3 6 2 2 6 2 4 6 4 3 4 3 6 3 2 3 2 2 3 6 5 5 3 6 2 4 4 4 3 6 3
 2 3 3 3 6 2 6 2 2 5 3 3 4 4 4 6 3 5 4 3 3 3 3 3 3 6 2 2 3 6 2 2 3 2 4 2 5
 2 3 3 3 6 4 6 2 3 2 2 4 3 3 6 2 3 3 2 3 5 2 3 2 6 4 2 2 2 3 2 3 2 5 2 4 2
 2 8 3 2 6 2 3 3 6 6 2 2 4 5 2 6 2 6 2 2 4 5 3 6 3 4 3 3 3 2 3 3 6 2 2 2 3
 5 3 4 2 2 3 5 2 6 3 2 6 4 3 5]",200,3.46,0.9106705348602486,3.1490431305936633,0.7542218422720677,-0.31307742175592473,0.5046711189065856,False
P001,chr2,100333,344,690,"[2 3 2 2 3 5 2 3 3 4 4 3 2 2 6 6 2 4 6 2 3 5 5 6 2 4 5 6 6 2 3 3 6 2 6 2 2
 4 4 2 3 3 5 6 3 3 6 4 5 3 7 2 2 6 2 2 2 4 2 2 2 4 2 2 2 2 2 2 4 6 2 2 6 6
 5 3 4 2 3 3 6 4 5 2 3 3 5 6 4 3 6 4 2 4 2 3 5 7 5 3 2 2 4 5 2 4 2 4 5 6 4
 2 3 2 5 2 6 3 3 4 3 3 2 3 6 5 3 3 4 2 3 2 6 2 6 2 6 3 2 3 6 2 3 2 2 3 6 2
 6 2 2 3 2 6 2 4 3 2 3 5 3 4 6 4 2 3 6 6 3 5 4 2 3 3 4 2 3 2 2 2 6 4 3 3 3
 2 2 6 2 5 2 3 2 2 2 2 2 3]",198,3.484848484848485,0.9106705348602486,3.1490431305936633,0.10093422378131711,1.6403412960600627,0.5046711189065856,False
P001,chr2,100407,158,686,"[4 6 2 4 2 3 4 2 2 6 2 6 4 6 2 2 3 4 2 4 4 3 2 6 2 2 2 2 5 2 5 6 3 5 3 8 3
 6 6 3 4 3 4 4 6 6 2 6 2 2 3 2 4 2 2 3 3 3 6 3 5 6 2 3 2 6 2 4 2 2 6 3 3 2
 6 6 2 4 3 3 4 6 2 2 6 2 6 2 3 6 3 3 4 3 6 2 2 2 2 4 2 2 2 2 2 2 2 2 4 4 3
 3 3 6 6 4 6 3 2 6 2 3 2 6 2 2 2 6 4 5 5 2 5 6 2 3 6 3 2 4 5 3 6 4 2 6 5 2
 3 6 2 4 5 4 2 3 2 2 2 4 2 2 6 2 2 6 3 5 6 6 2 4 3 4 6 6 2 6 6 2 2 4 4 5 2
 3 2 4 3 6]",190,3.610526315789474,0.9106705348602486,3.1490431305936633,0.402305212575532,0.8375113272908472,0.5046711189065856,False
P001,chr2,100481,126,643,"[2 2 2 6 2 3 3 3 6 4 5 6 2 6 3 2 3 2 3 6 3 2 6 3 2 2 3 5 2 2 4 3 6 4 6 2 2
 5 5 4 2 2 2 5 2 6 5 4 4 2 5 2 2 3 2 2 3 6 3 3 2 5 2 2 2 3 3 2 2 4 3 4 2 2
 2 2 3 2 4 4 5 6 6 2 2 3 6 2 2 6 6 2 2 2 2 2 6 3 6 6 2 2 2 5 4 4 2 2 5 2 2
 6 4 2 2 5 2 4 2 2 2 2 4 6 6 2 3 3 4 3 3 3 2 3 5 2 4 2 4 2 3 6 3 6 4 2 3 5
 2 3 3 6 5 3 2 2 2 6 4 6 4 3 5 6 3 6 3 4 2 3 4 4 3 6 2 3 2 4 6 2 2 6 3 6 3
 5 2]",187,3.4385026737967914,0.9106705348602486,3.1490431305936633,0.4647814507192478,-0.7309962381352759,0.5046711189065856,False
P001,chr2,100555,0,740,"[5 3 3 2 6 2 6 4 4 5 6 3 6 3 2 3 4 3 2 6 4 6 4 4 2 2 2 2 6 4 2 6 2 4 5 2 4
 3 3 6 5 6 6 2 3 2 2 5 2 6 3 6 2 3 4 3 6 2 2 2 3 4 2 4 3 3 3 2 2 2 6 5 6 2
 6 3 2 4 4 6 3 6 2 5 6 3 6 6 2 3 2 4 2 2 4 3 6 3 2 4 2 2 3 5 3 6 2 3 3 4 2
 5 6 2 4 5 2 2 4 3 4 2 2 2 3 2 2 5 5 3 2 2 3 6 3 4 3 2 6 2 4 5 3 2 5 2 2 3
 2 6 6 4 2 6 2 3 2 5 4 2 2 6 5 3 3 3 9 6 4 4 6 3 3 2 6 6 5 2 5 2 3 2 5 6 3
 2 2 6 3 4 3 6 4 3 3 6 2 5 6 2 4 5]",202,3.6633663366336635,0.9106705348602486,3.1490431305936633,1.0,-0.0,0.5046711189065856,False
P001,chr2,100629,175,710,"[5 2 4 2 4 6 6 4 4 2 6 3 2 2 4 2 6 3 4 6 2 4 3 2 3 2 4 4 3 4 6 2 4 6 3 3 2
 2 2 2 2 4 2 6 2 3 4 3 3 2 2 6 3 3 2 6 2 4 4 3 2 5 2 2 6 2 2 3 3 4 5 3 6 2
 6 3 6 3 2 4 6 2 2 2 4 3 4 3 6 2 4 6 4 3 3 2 2 2 5 3 3 4 3 4 3 3 2 2 2 6 5
 2 6 2 3 2 5 4 2 2 6 4 3 2 6 3 2 6 5 3 5 4 6 2 6 4 2 2 6 4 2 3 2 3 2 4 6 3
 6 2 2 4 3 2 2 4 6 6 4 2 2 6 3 2 3 2 6 5 2 3 6 4 6 5 4 2 3 4 2 6 3 3 2 2 3
 5 6 2 2 2 6 2 3 3 3 6 6 2 6 4 4]",201,3.5323383084577116,0.9106705348602486,3.1490431305936633,0.37518429968038025,0.8868042488790493,0.5046711189065856,False
P001,chr2,100703,358,692,"[3 2 4 3 2 2 3 2 5 6 4 2 4 3 6 2 4 2 2 6 3 3 5 2 4 4 3 2 2 2 4 3 2 6 2 4 2
 3 4 4 6 3 2 3 3 4 2 3 3 2 3 6 3 3 5 3 3 6 2 6 2 3 3 3 5 6 2 3 2 4 5 6 3 3
 2 6 2 2 6 3 3 3 2 3 4 5 6 6 3 2 2 5 2 3 2 3 6 3 3 3 2 3 3 2 6 3 6 3 5 2 5
 4 2 4 2 6 2 2 6 2 6 5 6 2 4 6 5 2 2 4 6 2 2 2 2 6 2 2 2 6 6 4 2 4 3 3 4 6
 4 4 4 6 5 2 2 4 4 5 2 5 3 2 4 6 2 6 3 2 2 3 4 5 3 3 4 3 2 3 6 2 6 2 2 5 3
 2 2 3 2 3 5 2 6 3 2 3 3 3 2]",199,3.477386934673367,0.9106705348602486,3.1490431305936633,0.0893667310283599,1.698747703513668,0.7447227585696657,False
P001,chr2,100777,183,711,"[5 2 3 2 6 2 2 3 4 6 2 2 2 4 4 5 2 3 3 2 6 6 6 4 4 3 3 6 2 2 3 2 3 3 4 4 6
 2 3 3 5 6 6 6 2 3 3 4 2 2 2 3 2 3 6 2 5 4 5 2 3 6 3 4 4 2 2 2 4 6 4 2 3 6
 3 2 4 2 6 6 4 2 4 6 2 6 6 4 4 5 5 6 2 4 4 2 2 2 2 3 3 6 4 4 2 2 4 3 6 2 6
 2 5 2 6 3 3 6 6 5 3 3 4 3 3 3 2 2 5 6 4 4 3 2 3 3 3 2 2 2 2 6 6 3 4 3 2 2
 2 2 5 4 2 2 2 2 2 2 2 6 6 3 2 2 2 2 4 6 5 4 5 6 6 4 5 2 3 6 2 4 2 2 2 2 5
 2 3 4 5 3 2 2 6 2 2 4 2 2 6 3 3 2 2]",203,3.502463054187192,0.9106705348602486,3.1490431305936633,0.3576833228028937,0.9197884450595554,0.5046711189065856,False
P001,chr2,100851,191,662,"[ 3  2  2  2  2  3  2  4  4  2  2  4  6  2  2  3  2  2  2  2  4  2  5  2
  2  4  3  3  6  4  3  4  2  3  2  6  4  4  2  3  2  2  5  4  2  3  4  4
  3  2  2  2  3  4  6  5  6  4  3  3  4  3  2  2  2  6  6  2  5  3  5  6
  2  3  3  4  6  3  2  3  2  2  3  4  2  3  4  6  6  4  2  3  4  5  3  6
  4  2  3  4  2  2 11  5  3  3  2  3  3  6  6  4  2  3  2  3  2  2  5  6
  5  2  3  6  2  6  6  6  6  3  3  6  6  2  5  2  2  3  3  3  4  6  3  3
  6  4  5  3  3  2  2  6  3  3  2  6  3  6  2  6  3  2  4  3  2  6  4  2
  4  4  4  2  3  3  2  5  6  4  5  3  6  4  2  2  5  3  2]",187,3.5401069518716577,0.9106705348602486,3.1490431305936633,0.31109298025068843,1.0129312924927514,0.5046711189065856,False
